{
  "hash": "4b9aeae5",
  "configHash": "9351d959",
  "lockfileHash": "0072584b",
  "browserHash": "ef26752b",
  "optimized": {
    "@angular/common": {
      "src": "../../../../../../node_modules/@angular/common/fesm2022/common.mjs",
      "file": "@angular_common.js",
      "fileHash": "9c6d81be",
      "needsInterop": false
    },
    "@angular/core": {
      "src": "../../../../../../node_modules/@angular/core/fesm2022/core.mjs",
      "file": "@angular_core.js",
      "fileHash": "824776c2",
      "needsInterop": false
    },
    "@angular/platform-browser": {
      "src": "../../../../../../node_modules/@angular/platform-browser/fesm2022/platform-browser.mjs",
      "file": "@angular_platform-browser.js",
      "fileHash": "1bfc54f1",
      "needsInterop": false
    },
    "@angular/router": {
      "src": "../../../../../../node_modules/@angular/router/fesm2022/router.mjs",
      "file": "@angular_router.js",
      "fileHash": "5322d1f4",
      "needsInterop": false
    },
    "@angular/forms": {
      "src": "../../../../../../node_modules/@angular/forms/fesm2022/forms.mjs",
      "file": "@angular_forms.js",
      "fileHash": "ea41d75a",
      "needsInterop": false
    }
  },
  "chunks": {
    "chunk-BPI6XKF2": {
      "file": "chunk-BPI6XKF2.js"
    },
    "chunk-VUYRZGJS": {
      "file": "chunk-VUYRZGJS.js"
    },
    "chunk-PUPFYMDY": {
      "file": "chunk-PUPFYMDY.js"
    }
  }
}